{"cameraMode":{"drawMode":0,"name":"Shaded","section":"Shading Mode"},"sceneLighting":false,"audioPlay":false,"sceneViewState":{"showFog":true,"showMaterialUpdate":true,"showSkybox":false,"showFlares":true,"showImageEffects":true,"showParticleSystems":true},"in2DMode":false,"pivot":{"x":-0.09000003337860108,"y":0.4973728656768799,"z":0.09689751267433167},"rotation":{"x":0.05838649347424507,"y":-0.9069849848747253,"z":0.3955891728401184,"w":0.13343428075313569},"size":2.2175076007843019,"orthographic":false}