{"cameraMode":{"drawMode":0,"name":"Shaded","section":"Shading Mode"},"sceneLighting":false,"audioPlay":false,"sceneViewState":{"showFog":true,"showMaterialUpdate":true,"showSkybox":false,"showFlares":true,"showImageEffects":true,"showParticleSystems":true},"in2DMode":false,"pivot":{"x":-0.033379554748535159,"y":1.0761499404907227,"z":1.222495675086975},"rotation":{"x":0.05838649347424507,"y":-0.9069849848747253,"z":0.3955891728401184,"w":0.13343428075313569},"size":4.323755264282227,"orthographic":false}