{"cameraMode":{"drawMode":0,"name":"Shaded","section":"Shading Mode"},"sceneLighting":false,"audioPlay":false,"sceneViewState":{"showFog":true,"showMaterialUpdate":true,"showSkybox":false,"showFlares":true,"showImageEffects":true,"showParticleSystems":true},"in2DMode":false,"pivot":{"x":0.0,"y":0.7279679775238037,"z":0.008401811122894287},"rotation":{"x":0.3775750398635864,"y":-0.028044404461979867,"z":0.011333991773426533,"w":0.9256191849708557},"size":3.409566640853882,"orthographic":false}