{"cameraMode":{"drawMode":0,"name":"Shaded","section":"Shading Mode"},"sceneLighting":false,"audioPlay":false,"sceneViewState":{"showFog":true,"showMaterialUpdate":true,"showSkybox":false,"showFlares":true,"showImageEffects":true,"showParticleSystems":true},"in2DMode":false,"pivot":{"x":0.007618308067321777,"y":0.04454493522644043,"z":0.027868270874023439},"rotation":{"x":0.3210970461368561,"y":0.20080481469631196,"z":-0.06995801627635956,"w":0.9229996800422669},"size":4.7597246170043949,"orthographic":false}