{"cameraMode":{"drawMode":0,"name":"Shaded","section":"Shading Mode"},"sceneLighting":false,"audioPlay":false,"sceneViewState":{"showFog":true,"showMaterialUpdate":true,"showSkybox":false,"showFlares":true,"showImageEffects":true,"showParticleSystems":true},"in2DMode":false,"pivot":{"x":-2.8000001907348635,"y":3.7299997806549074,"z":50.0},"rotation":{"x":0.3210970461368561,"y":0.20080481469631196,"z":-0.06995801627635956,"w":0.9229996800422669},"size":17.32050895690918,"orthographic":false}