{"cameraMode":{"drawMode":0,"name":"Shaded","section":"Shading Mode"},"sceneLighting":false,"audioPlay":false,"sceneViewState":{"showFog":true,"showMaterialUpdate":true,"showSkybox":false,"showFlares":true,"showImageEffects":true,"showParticleSystems":true},"in2DMode":false,"pivot":{"x":0.0,"y":0.14001822471618653,"z":0.4131958484649658},"rotation":{"x":0.19774195551872254,"y":0.21968141198158265,"z":-0.045524876564741138,"w":0.9543609023094177},"size":10.555480003356934,"orthographic":false}