{"cameraMode":{"drawMode":0,"name":"Shaded","section":"Shading Mode"},"sceneLighting":false,"audioPlay":false,"sceneViewState":{"showFog":true,"showMaterialUpdate":true,"showSkybox":false,"showFlares":true,"showImageEffects":true,"showParticleSystems":true},"in2DMode":false,"pivot":{"x":-0.06031319499015808,"y":-0.2303636074066162,"z":0.025789260864257814},"rotation":{"x":0.05838649347424507,"y":-0.9069849848747253,"z":0.3955891728401184,"w":0.13343428075313569},"size":1.4318628311157227,"orthographic":false}