{"cameraMode":{"drawMode":0,"name":"Shaded","section":"Shading Mode"},"sceneLighting":false,"audioPlay":false,"sceneViewState":{"showFog":true,"showMaterialUpdate":true,"showSkybox":false,"showFlares":true,"showImageEffects":true,"showParticleSystems":true},"in2DMode":false,"pivot":{"x":-0.2631645202636719,"y":12.131705284118653,"z":0.01801776885986328},"rotation":{"x":-0.214155912399292,"y":0.489560067653656,"z":-0.12552444636821748,"w":-0.8360986709594727},"size":18.532093048095704,"orthographic":false}