{"cameraMode":{"drawMode":0,"name":"Shaded","section":"Shading Mode"},"sceneLighting":true,"audioPlay":false,"sceneViewState":{"showFog":true,"showMaterialUpdate":true,"showSkybox":true,"showFlares":true,"showImageEffects":true,"showParticleSystems":true},"in2DMode":false,"pivot":{"x":18.32398223876953,"y":-14.136363983154297,"z":69.24209594726563},"rotation":{"x":0.19774195551872254,"y":0.21968141198158265,"z":-0.045524876564741138,"w":0.9543609023094177},"size":26.050369262695314,"orthographic":false}