{"cameraMode":{"drawMode":0,"name":"Shaded","section":"Shading Mode"},"sceneLighting":false,"audioPlay":false,"sceneViewState":{"showFog":true,"showMaterialUpdate":true,"showSkybox":false,"showFlares":true,"showImageEffects":true,"showParticleSystems":true},"in2DMode":false,"pivot":{"x":-1.6639217138290406,"y":0.9106379747390747,"z":0.29144397377967837},"rotation":{"x":0.29618585109710696,"y":0.38552647829055788,"z":-0.13226178288459779,"w":0.8639422059059143},"size":10.0,"orthographic":false}