{"cameraMode":{"drawMode":0,"name":"Shaded","section":"Shading Mode"},"sceneLighting":true,"audioPlay":false,"sceneViewState":{"showFog":true,"showMaterialUpdate":true,"showSkybox":true,"showFlares":true,"showImageEffects":true,"showParticleSystems":true},"in2DMode":false,"pivot":{"x":1.9099998474121094,"y":4.489999771118164,"z":20.709999084472658},"rotation":{"x":-0.2856627106666565,"y":-0.030802994966506959,"z":0.009199852123856545,"w":-0.9579408764839172},"size":25.980762481689454,"orthographic":false}