{"cameraMode":{"drawMode":0,"name":"Shaded","section":"Shading Mode"},"sceneLighting":false,"audioPlay":false,"sceneViewState":{"showFog":true,"showMaterialUpdate":true,"showSkybox":false,"showFlares":true,"showImageEffects":true,"showParticleSystems":true},"in2DMode":false,"pivot":{"x":-0.000007569789886474609,"y":0.3625974655151367,"z":-0.0000030994415283203127},"rotation":{"x":-0.15715037286281587,"y":-0.018416525796055795,"z":0.0029420212376862766,"w":-0.9875441193580627},"size":0.9234835505485535,"orthographic":false}