{"cameraMode":{"drawMode":0,"name":"Shaded","section":"Shading Mode"},"sceneLighting":false,"audioPlay":false,"sceneViewState":{"showFog":true,"showMaterialUpdate":true,"showSkybox":false,"showFlares":true,"showImageEffects":true,"showParticleSystems":true},"in2DMode":false,"pivot":{"x":0.1090853214263916,"y":1.8980693817138672,"z":-0.8757240772247315},"rotation":{"x":0.3210970461368561,"y":0.20080481469631196,"z":-0.06995801627635956,"w":0.9229996800422669},"size":14.635002136230469,"orthographic":false}