{"cameraMode":{"drawMode":0,"name":"Shaded","section":"Shading Mode"},"sceneLighting":false,"audioPlay":false,"sceneViewState":{"showFog":true,"showMaterialUpdate":true,"showSkybox":false,"showFlares":true,"showImageEffects":true,"showParticleSystems":true},"in2DMode":false,"pivot":{"x":1.4788429737091065,"y":2.059325933456421,"z":2.923032283782959},"rotation":{"x":-0.04204241558909416,"y":0.935217022895813,"z":-0.11877483874559403,"w":-0.3314196765422821},"size":8.547736167907715,"orthographic":false}