{"cameraMode":{"drawMode":0,"name":"Shaded","section":"Shading Mode"},"sceneLighting":true,"audioPlay":false,"sceneViewState":{"showFog":true,"showMaterialUpdate":true,"showSkybox":true,"showFlares":true,"showImageEffects":true,"showParticleSystems":true},"in2DMode":false,"pivot":{"x":-14.729999542236329,"y":0.6400003433227539,"z":22.309999465942384},"rotation":{"x":0.019213197752833368,"y":-0.9803356528282166,"z":0.15003041923046113,"w":0.12818530201911927},"size":23.475587844848634,"orthographic":false}