{"cameraMode":{"drawMode":0,"name":"Shaded","section":"Shading Mode"},"sceneLighting":true,"audioPlay":false,"sceneViewState":{"showFog":true,"showMaterialUpdate":true,"showSkybox":true,"showFlares":true,"showImageEffects":true,"showParticleSystems":true},"in2DMode":false,"pivot":{"x":0.566430926322937,"y":0.6293056607246399,"z":6.115724563598633},"rotation":{"x":-0.20866981148719788,"y":-0.2764683663845062,"z":0.06165318563580513,"w":-0.9362205862998962},"size":7.373850345611572,"orthographic":false}