{"cameraMode":{"drawMode":0,"name":"Shaded","section":"Shading Mode"},"sceneLighting":false,"audioPlay":false,"sceneViewState":{"showFog":true,"showMaterialUpdate":true,"showSkybox":false,"showFlares":true,"showImageEffects":true,"showParticleSystems":true},"in2DMode":false,"pivot":{"x":0.0027484893798828127,"y":3.6419034004211427,"z":0.05686378479003906},"rotation":{"x":0.05838649347424507,"y":-0.9069849848747253,"z":0.3955891728401184,"w":0.13343428075313569},"size":8.266218185424805,"orthographic":false}