{"cameraMode":{"drawMode":0,"name":"Shaded","section":"Shading Mode"},"sceneLighting":false,"audioPlay":false,"sceneViewState":{"showFog":true,"showMaterialUpdate":true,"showSkybox":false,"showFlares":true,"showImageEffects":true,"showParticleSystems":true},"in2DMode":false,"pivot":{"x":0.0840301513671875,"y":6.183826446533203,"z":0.02352142333984375},"rotation":{"x":0.05838649347424507,"y":-0.9069849848747253,"z":0.3955891728401184,"w":0.13343428075313569},"size":16.002614974975587,"orthographic":false}