{"cameraMode":{"drawMode":0,"name":"Shaded","section":"Shading Mode"},"sceneLighting":true,"audioPlay":false,"sceneViewState":{"showFog":true,"showMaterialUpdate":true,"showSkybox":true,"showFlares":true,"showImageEffects":true,"showParticleSystems":true},"in2DMode":false,"pivot":{"x":0.583158016204834,"y":10.618700981140137,"z":28.497238159179689},"rotation":{"x":0.03050842508673668,"y":0.20775282382965089,"z":0.00648445263504982,"w":-0.9778275489807129},"size":13.181402206420899,"orthographic":false}