{"cameraMode":{"drawMode":0,"name":"Shaded","section":"Shading Mode"},"sceneLighting":true,"audioPlay":false,"sceneViewState":{"showFog":true,"showMaterialUpdate":true,"showSkybox":true,"showFlares":true,"showImageEffects":true,"showParticleSystems":true},"in2DMode":false,"pivot":{"x":15.991799354553223,"y":10.430432319641114,"z":7.367950916290283},"rotation":{"x":-0.11597570031881333,"y":0.5064032673835754,"z":-0.06893380731344223,"w":-0.8518412709236145},"size":6.306033134460449,"orthographic":false}