{"cameraMode":{"drawMode":0,"name":"Shaded","section":"Shading Mode"},"sceneLighting":true,"audioPlay":false,"sceneViewState":{"showFog":true,"showMaterialUpdate":true,"showSkybox":true,"showFlares":true,"showImageEffects":true,"showParticleSystems":true},"in2DMode":false,"pivot":{"x":-3.4083619117736818,"y":3.6843409538269045,"z":11.250300407409668},"rotation":{"x":0.10000763088464737,"y":0.7303792238235474,"z":-0.10947895050048828,"w":0.6669568419456482},"size":17.32050895690918,"orthographic":false}