{"cameraMode":{"drawMode":0,"name":"Shaded","section":"Shading Mode"},"sceneLighting":false,"audioPlay":false,"sceneViewState":{"showFog":true,"showMaterialUpdate":true,"showSkybox":false,"showFlares":true,"showImageEffects":true,"showParticleSystems":true},"in2DMode":false,"pivot":{"x":0.00025475025177001953,"y":0.2698991298675537,"z":-0.014302968978881836},"rotation":{"x":-0.08218283951282501,"y":0.8989782333374023,"z":-0.1919461339712143,"w":-0.38547709584236147},"size":4.188972473144531,"orthographic":false}